,x_mean_PSD,x_max_PSD_f,x_max_PSD,x_PSD_above_20,y_mean_PSD,y_max_PSD_f,y_max_PSD,y_PSD_above_20,z_mean_PSD,z_max_PSD_f,z_max_PSD,z_PSD_above_20,surface
0,(1.4310724264680128+0j),10.600000000000001,(13.217523177909756+0j),0,(1.2689054094307288+0j),10.3,(18.535084598981246+0j),0,(5.279374778559105+0j),12.600000000000001,(62.712631715795126+0j),17,AS
1,(1.4165011642481595+0j),11.4,(19.388542155069004+0j),0,(0.9036899422765153+0j),11.4,(11.172710385431547+0j),0,(3.6399267763141374+0j),11.100000000000001,(39.95215230165694+0j),9,AS
2,(1.5664369097966477+0j),11.3,(10.737059765491244+0j),0,(1.3139197243950878+0j),10.100000000000001,(13.875474584731904+0j),0,(6.142998042285233+0j),10.3,(56.50510245059729+0j),18,AS
3,(1.3522804811403704+0j),11.600000000000001,(14.13417881493982+0j),0,(1.078069827933463+0j),11.4,(30.03189757627247+0j),1,(4.454631384814381+0j),11.100000000000001,(54.61138489859741+0j),10,AS
4,(1.0822272828473531+0j),10.5,(18.995794231917593+0j),0,(0.8433166682720793+0j),12.0,(16.537197222000632+0j),0,(4.515402027758733+0j),11.3,(65.28138744711607+0j),14,AS
5,(1.658537786712045+0j),10.9,(27.160500026152334+0j),1,(1.1416890594422882+0j),10.3,(22.961602430990396+0j),1,(5.26886334544764+0j),11.9,(61.00122647779727+0j),11,AS
6,(1.432414149258057+0j),14.600000000000001,(19.211714601802495+0j),0,(1.4904059942258043+0j),11.600000000000001,(23.258037926587843+0j),1,(5.562103687573416+0j),10.600000000000001,(64.18005571990992+0j),7,AS
7,(1.126926097929505+0j),10.200000000000001,(13.322537153853565+0j),0,(1.32262014845082+0j),12.0,(15.373012914726441+0j),0,(3.121093592844247+0j),10.5,(55.4432012739347+0j),6,AS
8,(1.3823615651700256+0j),12.5,(22.73583192023883+0j),2,(1.321372258379618+0j),10.4,(13.67732027971555+0j),0,(4.184939013445832+0j),12.5,(60.350727629526666+0j),9,AS
9,(1.3789425749974065+0j),10.100000000000001,(33.18692419989882+0j),3,(0.9727913708033942+0j),10.0,(23.920684659495958+0j),1,(3.490690737379867+0j),10.0,(67.86467335079503+0j),6,AS
10,(1.7387701556034534+0j),10.0,(24.74267960113037+0j),2,(1.7538452892393839+0j),10.8,(27.912574139379842+0j),3,(3.591468436880289+0j),11.5,(71.82544104729591+0j),7,AS
11,(1.5255555382650983+0j),10.5,(24.790756384038254+0j),1,(0.9311191737350074+0j),12.0,(13.64266122519113+0j),0,(3.371371729953706+0j),10.5,(74.12232918629974+0j),6,AS
12,(1.599772090202668+0j),10.5,(39.14277012797531+0j),2,(1.3293382994343548+0j),10.5,(50.9635079042009+0j),1,(3.083095425817335+0j),10.700000000000001,(45.27512356018309+0j),4,AS
13,(1.0589767484600856+0j),10.5,(22.73893794700009+0j),1,(1.1049915726348236+0j),10.600000000000001,(34.61148168441942+0j),1,(2.3147816837868276+0j),10.600000000000001,(38.74249520741618+0j),4,AS
14,(1.5096126600136897+0j),10.700000000000001,(24.230680449361333+0j),1,(1.279208300829525+0j),10.600000000000001,(36.2026899848281+0j),2,(3.665689231310241+0j),10.8,(60.65513397947747+0j),7,AS
15,(1.5172352306618375+0j),10.5,(26.909752765325784+0j),3,(1.0354822066782003+0j),10.700000000000001,(17.091727110683767+0j),0,(3.199436578883752+0j),14.600000000000001,(32.88108458273574+0j),5,AS
16,(1.9329646302089518+0j),11.600000000000001,(20.990929248487674+0j),1,(1.2507485946774188+0j),12.4,(11.13474632714488+0j),0,(3.7793392192905477+0j),10.100000000000001,(44.66966755286804+0j),8,AS
17,(2.6618211237682408+0j),10.200000000000001,(33.78382995825643+0j),4,(1.7428744646174017+0j),10.700000000000001,(20.578777794754203+0j),1,(3.9328042758112502+0j),10.100000000000001,(67.74521279424461+0j),9,AS
18,(3.358400260370732+0j),11.100000000000001,(26.46729380766096+0j),8,(2.3563251369422633+0j),11.100000000000001,(50.344337697154074+0j),2,(5.625148983808672+0j),10.700000000000001,(67.04858710846442+0j),14,AS
19,(1.9290108221769926+0j),10.3,(26.839151602497434+0j),2,(1.4332954211313684+0j),10.3,(46.269055993193355+0j),2,(3.7578971104955605+0j),11.9,(36.36410922676552+0j),5,AS
20,(1.4938251661441462+0j),10.5,(22.244270232900522+0j),1,(1.1373049652356908+0j),11.8,(22.603732371665885+0j),2,(3.57440245713481+0j),10.600000000000001,(46.23736439322465+0j),7,AS
21,(2.2924699526744137+0j),10.5,(37.412550343977315+0j),1,(1.555301956975264+0j),10.5,(37.7376102031568+0j),3,(4.413385437701544+0j),10.600000000000001,(63.477814321284065+0j),7,AS
22,(2.4039378550020283+0j),10.8,(20.666663495153557+0j),1,(1.623629939228174+0j),12.200000000000001,(36.233600155272946+0j),2,(4.896555948160179+0j),10.9,(120.86871931356363+0j),12,AS
23,(2.562169439239401+0j),12.0,(31.608545547825322+0j),4,(1.3939343642222801+0j),10.700000000000001,(15.70243649637638+0j),0,(5.29042822729679+0j),11.5,(59.30584434961157+0j),16,AS
24,(2.0525696186589943+0j),10.5,(22.626300400129242+0j),3,(1.6377379286874294+0j),10.700000000000001,(15.96340152781938+0j),0,(4.096031354884447+0j),10.5,(74.83227830948735+0j),9,AS
25,(3.898283947652129+0j),11.5,(43.71858449005708+0j),12,(2.032504329799703+0j),11.700000000000001,(32.50474669019037+0j),2,(9.06848770019349+0j),11.3,(120.92705524035561+0j),30,AS
26,(1.9709087843289725+0j),14.0,(28.565477394030584+0j),1,(1.301624346425328+0j),10.4,(26.19893317482992+0j),2,(3.645073538397552+0j),10.5,(40.458182549693525+0j),8,AS
27,(2.825909277690047+0j),10.200000000000001,(38.183784555507835+0j),4,(1.7828777061150867+0j),10.200000000000001,(28.10228630148864+0j),2,(5.755648312766331+0j),11.200000000000001,(102.64607380434595+0j),16,AS
28,(3.6206007637237128+0j),10.3,(59.77256611762223+0j),6,(1.714498141444911+0j),10.3,(47.453568605274604+0j),3,(5.692076102442764+0j),10.4,(50.26529420685205+0j),21,AS
29,(2.098485412702455+0j),12.700000000000001,(28.2326031732577+0j),2,(1.4056381474609188+0j),11.3,(43.076618289874865+0j),2,(4.062656515962749+0j),10.0,(70.94524126406009+0j),10,AS
30,(1.9612217030382462+0j),11.200000000000001,(24.54545915667602+0j),1,(1.141163577719478+0j),12.5,(12.812880791130425+0j),0,(4.559053129729715+0j),11.200000000000001,(83.64599664464+0j),12,AS
31,(0.8678548414557967+0j),11.0,(35.746395148359234+0j),1,(0.708472950526488+0j),13.700000000000001,(13.20476549664605+0j),0,(1.9657700639411537+0j),11.0,(47.96439650158961+0j),3,AS
32,(1.1814153408765309+0j),11.100000000000001,(20.23377444345432+0j),1,(0.9332374975020361+0j),10.100000000000001,(10.808783547440761+0j),0,(2.4824944286915587+0j),10.9,(63.31990071112959+0j),4,AS
33,(0.998550447674398+0j),11.4,(15.540645376612577+0j),0,(0.6867414505768521+0j),12.200000000000001,(6.365298472777349+0j),0,(1.6683390535841656+0j),10.200000000000001,(14.108672726946244+0j),0,AS
34,(0.5513606074462655+0j),10.200000000000001,(9.096982750992499+0j),0,(0.9042224476875287+0j),10.0,(12.609401594683115+0j),0,(2.994157440245473+0j),11.9,(47.197925877266556+0j),7,AS
35,(1.082700090436886+0j),10.4,(9.26116582403217+0j),0,(1.5192198261256307+0j),11.200000000000001,(16.380712883305634+0j),0,(5.114394144124199+0j),12.3,(64.27323205504655+0j),13,AS
36,(1.2536940578615614+0j),10.0,(21.384877041264932+0j),1,(1.8461389604618021+0j),14.700000000000001,(18.103669234012223+0j),0,(4.965933181396816+0j),11.3,(114.36474603824725+0j),11,AS
37,(1.1599687934067116+0j),10.0,(10.941607411323584+0j),0,(1.7176949654824634+0j),10.0,(16.800688395460117+0j),0,(5.557545690646619+0j),11.700000000000001,(178.80537140195804+0j),15,AS
38,(1.2364418955668022+0j),11.0,(15.11436616767584+0j),0,(1.6321358556024517+0j),12.100000000000001,(16.131087460220698+0j),0,(6.781954817680064+0j),11.100000000000001,(101.65872885759869+0j),17,AS
39,(1.4377028408823405+0j),10.9,(12.198728533959368+0j),0,(2.044349360493059+0j),12.0,(18.152405266471316+0j),0,(7.2674358952489175+0j),10.8,(109.59225661624747+0j),19,AS
40,(1.2485011459059845+0j),10.5,(25.780314547801947+0j),1,(1.8177114493267483+0j),11.200000000000001,(18.366413497452697+0j),0,(7.7388522902143+0j),12.100000000000001,(117.06020248761078+0j),20,AS
41,(0.8891894663902882+0j),10.31031031031031,(14.92055379598759+0j),0,(1.429884354278959+0j),13.313313313313312,(23.221182829025+0j),1,(6.205453423961703+0j),11.811811811811811,(97.88964119860135+0j),15,AS
42,(0.6795811401447978+0j),11.0,(7.6161629782992915+0j),0,(0.8074315053361654+0j),12.9,(8.45065968249182+0j),0,(4.929429325175838+0j),12.9,(127.01838802216001+0j),12,AS
43,(0.6064215279552958+0j),10.78921078921079,(8.094538751609893+0j),0,(0.7778442062119401+0j),10.08991008991009,(12.880833764473904+0j),0,(4.109941146508289+0j),10.08991008991009,(53.55119869585794+0j),13,AS
44,(1.028531817060556+0j),11.8,(17.727953608685684+0j),0,(1.5646694995003765+0j),11.8,(21.69937731163926+0j),1,(4.268702796085981+0j),11.9,(72.86373190231795+0j),13,AS
45,(1.093712562825267+0j),11.11111111111111,(10.14728991697658+0j),0,(2.1366724640929813+0j),11.411411411411411,(38.80131123549514+0j),3,(1.9554461893585549+0j),12.712712712712712,(27.564854537368955+0j),2,AS
46,(1.1863559302954725+0j),14.285714285714286,(13.302430830590602+0j),0,(2.4728538061315954+0j),11.08891108891109,(60.19817608724204+0j),2,(1.6193034995119735+0j),12.587412587412588,(21.78209344825261+0j),1,AS
47,(0.8845518464305097+0j),10.100000000000001,(24.31285912793416+0j),1,(1.851664774971901+0j),10.100000000000001,(45.59110822918723+0j),1,(1.4915112111340356+0j),10.100000000000001,(64.40798295064732+0j),2,AS
48,(0.610997689413787+0j),12.912912912912912,(14.937784950198989+0j),0,(1.8015098433092451+0j),12.912912912912912,(44.794248265899704+0j),2,(1.1683814998039979+0j),10.81081081081081,(22.8858760809195+0j),1,AS
49,(0.6823657104703285+0j),13.086913086913087,(7.160220275450534+0j),0,(1.5990574414212093+0j),13.286713286713287,(27.430256081010448+0j),3,(0.9620271145953361+0j),11.08891108891109,(13.473141164075306+0j),0,AS
50,(0.765338063477326+0j),11.9,(8.227005627996265+0j),0,(1.823467222410846+0j),11.200000000000001,(26.87640971441798+0j),3,(1.4817781338225213+0j),10.700000000000001,(29.16485594941461+0j),2,AS
51,(0.6112537036473552+0j),12.4,(6.756640002979469+0j),0,(1.6402916248444857+0j),10.600000000000001,(16.421474125757793+0j),0,(0.995468239721255+0j),11.0,(16.646374671518025+0j),0,AS
52,(1.946661510911363+0j),10.11011011011011,(43.66424131948795+0j),2,(2.4510887597761495+0j),10.31031031031031,(24.433667760010746+0j),5,(7.0920250345870475+0j),10.01001001001001,(93.58057404705615+0j),20,AS
53,(1.9703354572974483+0j),10.4,(31.730634613838753+0j),1,(1.9726300166473454+0j),13.3,(14.763580612234223+0j),0,(5.992402328442098+0j),14.600000000000001,(80.0318427413913+0j),15,AS
54,(1.2906135339843794+0j),12.187812187812188,(15.691988362254222+0j),0,(1.6163142757324769+0j),11.688311688311689,(20.45324188301995+0j),1,(4.355045439145309+0j),13.786213786213787,(50.3947364673868+0j),8,AS
55,(0.9469949926899734+0j),11.700000000000001,(12.003185697755628+0j),0,(1.3719767033536245+0j),14.8,(16.696668419361806+0j),0,(4.694340343718435+0j),10.100000000000001,(61.193813720748935+0j),14,AS
56,(1.171455537699482+0j),12.712712712712712,(14.943769483206175+0j),0,(1.2914237639753392+0j),12.712712712712712,(17.421153444245466+0j),0,(4.094485652573566+0j),10.41041041041041,(58.92223308457104+0j),11,AS
57,(1.0613152699164736+0j),10.4,(9.82982715046928+0j),0,(1.4004258667436613+0j),10.100000000000001,(22.83605855183352+0j),1,(4.089428044107383+0j),10.0,(55.99824385864635+0j),8,AS
58,(0.8530109895975035+0j),10.700000000000001,(8.770046333042721+0j),0,(1.5463671476919907+0j),12.600000000000001,(14.922347713292242+0j),0,(4.540242620268872+0j),11.100000000000001,(65.87507893790738+0j),14,AS
59,(0.629935223630138+0j),11.0,(10.90481977847177+0j),0,(1.2809132577286897+0j),10.4,(11.917711637516758+0j),0,(2.5234472266376327+0j),10.8,(30.195742038056384+0j),4,AS
60,(1.7404025859070407+0j),10.9,(24.94210796485063+0j),1,(2.5717396295474932+0j),10.100000000000001,(41.22666722247725+0j),2,(6.163622114584843+0j),12.5,(56.72371396060316+0j),20,AS
61,(1.6616123827098033+0j),14.114114114114113,(24.45058315325209+0j),1,(2.309788376351642+0j),12.712712712712712,(40.263620028028285+0j),3,(6.602909132205675+0j),10.31031031031031,(62.55691734591596+0j),18,AS
62,(1.401717363080067+0j),13.986013986013987,(18.84177339593896+0j),0,(1.6360908696721945+0j),13.786213786213787,(15.307671815561138+0j),0,(4.2947430372324975+0j),12.287712287712289,(54.603807750365156+0j),10,AS
63,(1.9748380959875218+0j),11.100000000000001,(33.845079772324176+0j),2,(2.221885674168291+0j),11.100000000000001,(24.962851685070405+0j),3,(6.85742887391617+0j),12.700000000000001,(107.73801048534762+0j),20,AS
64,(1.563999182534892+0j),13.813813813813812,(16.849595106373556+0j),0,(1.3244401634420058+0j),13.913913913913913,(16.325369051031355+0j),0,(4.048772281777136+0j),10.51051051051051,(71.74198836164486+0j),8,AS
65,(1.0003930184801992+0j),10.28971028971029,(37.68369854799888+0j),1,(1.5135778125918373+0j),10.28971028971029,(57.843029571948904+0j),2,(3.7977190728028867+0j),11.08891108891109,(72.06906848928503+0j),8,AS
66,(0.8617001463894393+0j),10.4,(18.389743054798906+0j),0,(1.0920847311381674+0j),10.4,(40.60603293102343+0j),2,(3.242386587431958+0j),10.700000000000001,(77.49722434126427+0j),5,AS
67,(0.8196951217450905+0j),10.3,(17.426112854844828+0j),0,(0.5636934195152264+0j),10.5,(6.73389587069797+0j),0,(2.115467719453423+0j),12.3,(63.27853397088467+0j),2,AS
68,(0.776755217363879+0j),11.3,(11.680162991049537+0j),0,(0.7674138693339703+0j),11.4,(10.86493647269765+0j),0,(1.9253748832199855+0j),12.700000000000001,(26.370043507525953+0j),1,AS
69,(1.0766235127868322+0j),10.600000000000001,(13.990754331495094+0j),0,(0.5991758870542557+0j),10.3,(10.038267012888559+0j),0,(2.2787014211712338+0j),11.100000000000001,(38.66076576583337+0j),5,AS
70,(0.7591729936537592+0j),10.8,(19.81222062576497+0j),0,(0.3170731221309048+0j),10.700000000000001,(5.2150455013455925+0j),0,(1.8234765663658083+0j),10.8,(38.36836972413713+0j),3,AS
71,(0.742292196081235+0j),10.600000000000001,(19.74820373091746+0j),0,(0.4244493069999436+0j),10.600000000000001,(6.675189019602975+0j),0,(1.3839942680539514+0j),10.600000000000001,(34.034940124804216+0j),2,AS
72,(1.0334030699800387+0j),11.3,(8.810329880760811+0j),0,(0.4270119394058658+0j),11.200000000000001,(7.72357286445962+0j),0,(1.903031750416734+0j),10.4,(26.716022556874265+0j),2,AS
73,(1.026726188905496+0j),10.600000000000001,(20.35659853854242+0j),1,(0.4478520080109153+0j),11.9,(9.78758830532186+0j),0,(1.5759662613631698+0j),10.600000000000001,(40.45961632470477+0j),3,AS
74,(0.6927499376646662+0j),10.700000000000001,(9.109079939043779+0j),0,(0.36696080649358587+0j),10.8,(9.351265563147738+0j),0,(1.4971545111564584+0j),10.5,(21.220830102214624+0j),1,AS
75,(1.0436672438340104+0j),10.700000000000001,(10.188868959894824+0j),0,(0.37559240537953564+0j),11.9,(5.70773419991795+0j),0,(1.468870645166413+0j),12.3,(24.95959902799051+0j),1,AS
76,(0.8936813183868557+0j),10.9,(24.79787906791094+0j),1,(0.4675710097613689+0j),10.700000000000001,(11.546481320608162+0j),0,(1.4519732524918283+0j),10.9,(24.806009014267243+0j),3,AS
77,(1.1671851301460408+0j),11.5,(36.94337778638398+0j),1,(0.3707858785461813+0j),11.100000000000001,(8.168271055541712+0j),0,(1.6296180091270545+0j),11.5,(50.51875810327952+0j),1,AS
78,(2.0586819292967133+0j),12.200000000000001,(31.691669711498026+0j),3,(0.9140132081412629+0j),12.700000000000001,(13.947439897224541+0j),0,(2.7913089339183914+0j),11.4,(43.51926978216335+0j),5,AS
79,(2.0192961843200075+0j),11.700000000000001,(27.031348564220092+0j),5,(0.7396209934139373+0j),11.100000000000001,(11.592118788251865+0j),0,(2.828759493379616+0j),11.3,(35.1659802255736+0j),6,AS
80,(2.290038971516735+0j),10.600000000000001,(31.359261804539237+0j),1,(1.117976529316207+0j),10.4,(16.13929914533827+0j),0,(2.897215009588584+0j),11.600000000000001,(37.54585234987055+0j),4,AS
81,(0.7934993387554468+0j),11.588411588411589,(17.73195122444545+0j),0,(1.2929816774126703+0j),12.287712287712289,(15.826602539885442+0j),0,(4.487770167068881+0j),10.68931068931069,(80.51341948658836+0j),13,AS
82,(1.2083620409920202+0j),12.012012012012011,(28.876516632771796+0j),1,(1.7693849418135326+0j),13.013013013013012,(15.455666967972647+0j),0,(5.0543709338919784+0j),11.31131131131131,(91.03981348032697+0j),15,AS
83,(1.8109610313455429+0j),10.18981018981019,(31.67223174161258+0j),1,(3.12314684804093+0j),11.788211788211788,(38.30937566999059+0j),5,(7.449164068023683+0j),10.88911088911089,(101.0668498913995+0j),23,AS
84,(1.4601840099747314+0j),11.600000000000001,(21.254852761048365+0j),1,(2.735168918410888+0j),12.3,(37.4303578859833+0j),2,(6.523853905169132+0j),10.9,(77.610720687452+0j),15,AS
85,(1.3106000304710919+0j),13.3,(14.97298848585732+0j),0,(3.3325259135130176+0j),11.4,(47.84320526178602+0j),6,(5.703462961438017+0j),10.5,(64.2349973208087+0j),15,AS
86,(2.9894818331036324+0j),12.3,(45.29337804042327+0j),4,(3.7947259066870234+0j),12.8,(51.32166215371953+0j),5,(12.101488397714855+0j),12.4,(226.6698677122373+0j),32,AS
87,(2.182677962394189+0j),13.4,(26.395036495278568+0j),3,(2.455288466867378+0j),12.9,(27.722658850450106+0j),2,(8.98591886258339+0j),13.8,(128.79118005592136+0j),26,AS
88,(2.761369346646258+0j),13.013013013013012,(30.50587012148164+0j),3,(3.1462794176980835+0j),11.411411411411411,(45.86751357419527+0j),4,(11.100641365611246+0j),12.312312312312311,(155.87910250721387+0j),32,AS
89,(2.1820668753829544+0j),12.087912087912088,(28.405174849165796+0j),4,(2.3324534545247664+0j),12.187812187812188,(34.55368720030548+0j),3,(9.13614237690108+0j),11.988011988011989,(103.35997899279212+0j),27,AS
90,(3.4888237198750875+0j),11.200000000000001,(74.80797090367851+0j),10,(4.984982764962922+0j),14.0,(45.37752268694111+0j),14,(9.437136676468645+0j),12.100000000000001,(84.98890415504837+0j),29,AS
91,(2.271665637004513+0j),10.3,(38.99645732505722+0j),1,(3.765992302771398+0j),12.8,(30.59740751550172+0j),6,(8.464577986348635+0j),12.5,(73.91172145307571+0j),26,AS
92,(1.5236406269602365+0j),10.5,(23.822528363034102+0j),1,(2.197995615335266+0j),10.3,(27.6590642658856+0j),1,(7.866233395857998+0j),13.9,(87.17600376652085+0j),27,AS
93,(1.1592447244417268+0j),10.11011011011011,(26.604967590326748+0j),1,(3.0325722941153503+0j),12.812812812812812,(37.574166828799235+0j),10,(5.373940539201527+0j),11.31131131131131,(67.30258676961793+0j),12,AS
94,(1.869714063352819+0j),10.48951048951049,(40.06637504295499+0j),4,(3.0509418663265393+0j),10.38961038961039,(30.485366500120755+0j),3,(7.762610741717903+0j),11.988011988011989,(85.19786072655938+0j),23,AS
95,(2.1360241684392074+0j),10.8,(32.064121326499105+0j),4,(3.6748486632521065+0j),13.200000000000001,(54.64908161252766+0j),9,(9.45609572012497+0j),10.0,(123.9523971288288+0j),29,AS
96,(2.40924443632688+0j),11.700000000000001,(39.2093691885329+0j),1,(4.621664106248774+0j),10.700000000000001,(63.40038439926074+0j),9,(11.915874878710696+0j),12.4,(143.1208473914289+0j),35,AS
97,(2.2362578589657467+0j),10.5,(52.02108951989113+0j),3,(4.773918205958913+0j),16.1,(49.260273248231734+0j),12,(11.050952311517252+0j),12.4,(91.43823882495298+0j),34,AS
98,(1.0864337990222308+0j),10.01001001001001,(45.82679158450698+0j),1,(1.5632413047734273+0j),10.61061061061061,(16.601948795141737+0j),0,(6.237588956058296+0j),12.912912912912912,(75.54173655750397+0j),21,AS
99,(0.905161558329763+0j),10.989010989010989,(11.92007269366338+0j),0,(1.5246462850171534+0j),13.086913086913087,(23.061203003304794+0j),1,(6.572332709036641+0j),11.08891108891109,(96.47172706139523+0j),19,AS
100,(1.4078613865633236+0j),14.8,(11.636564277415918+0j),0,(2.171645654914576+0j),10.600000000000001,(21.074642035951634+0j),1,(8.276737774410416+0j),12.700000000000001,(101.5731112344678+0j),25,AS
101,(1.0346082537890118+0j),12.3,(11.627047776634344+0j),0,(1.265045263064223+0j),10.600000000000001,(18.79988292099325+0j),0,(6.2554694486938764+0j),10.200000000000001,(78.34311502237524+0j),17,AS
102,(1.4841049183139425+0j),10.700000000000001,(14.426815993333268+0j),0,(2.297602368332474+0j),14.100000000000001,(29.529215334752237+0j),3,(10.392584899184598+0j),10.5,(227.15931790826235+0j),26,AS
103,(1.0874960690440167+0j),10.700000000000001,(16.797854368996216+0j),0,(2.939485916854718+0j),11.3,(31.763095210088036+0j),6,(8.779219481039886+0j),12.8,(242.1311724616567+0j),25,AS
104,(1.3272923390894016+0j),11.0,(20.503363565107566+0j),1,(3.875257040865164+0j),10.3,(56.05705393970758+0j),13,(5.830512274022018+0j),11.4,(69.00746206977128+0j),16,AS
105,(2.6477573239646732+0j),10.11011011011011,(43.21690150874208+0j),3,(4.70866087393851+0j),12.212212212212211,(41.79136222674237+0j),8,(13.44068051209958+0j),13.413413413413412,(173.21421885194624+0j),41,AS
106,(1.8625050402972796+0j),10.100000000000001,(20.42878193651214+0j),1,(3.7305695616283985+0j),11.0,(29.270041839305307+0j),8,(13.177238815802385+0j),10.700000000000001,(145.086226225225+0j),35,AS
107,(2.233764081926613+0j),10.58941058941059,(31.038769913152382+0j),2,(4.514852481205793+0j),13.386613386613387,(44.900118893684834+0j),8,(11.61962806289225+0j),12.187812187812188,(97.35588415891363+0j),36,AS
108,(2.529300969269614+0j),10.200000000000001,(48.44742423064349+0j),4,(4.863386585258864+0j),13.100000000000001,(54.17859763508706+0j),8,(11.187258633415471+0j),11.600000000000001,(178.28317375250668+0j),27,AS
109,(2.7660312579565636+0j),11.3,(37.80470537799958+0j),5,(5.116894427562553+0j),10.9,(51.42342333635183+0j),10,(12.54971828088167+0j),13.8,(196.06828343314183+0j),36,AS
110,(1.6808433790400648+0j),10.01001001001001,(39.94437531003389+0j),1,(4.100431914015338+0j),12.912912912912912,(60.54778085631023+0j),7,(10.280953868023328+0j),12.812812812812812,(107.3674733398096+0j),31,AS
111,(0.8499524681714449+0j),11.18881118881119,(8.934453828060123+0j),0,(2.2436516667550386+0j),11.18881118881119,(36.97874320121755+0j),5,(5.06623745852249+0j),12.587412587412588,(115.20057111511622+0j),10,AS
112,(0.8398713345304042+0j),11.611611611611611,(12.689350173549029+0j),0,(1.3730021588932158+0j),10.21021021021021,(16.810815503373746+0j),0,(5.0212705185870465+0j),10.11011011011011,(90.04603676895977+0j),8,AS
113,(1.7723100301073942+0j),11.9,(47.49400294816852+0j),3,(2.405481862132171+0j),13.4,(25.794034597602423+0j),1,(8.333906360225736+0j),10.4,(237.30854738024124+0j),25,AS
114,(1.0204686637167395+0j),11.08891108891109,(21.871471079550822+0j),1,(1.2609019307340072+0j),10.989010989010989,(13.559382139808054+0j),0,(4.656510617759388+0j),11.08891108891109,(41.451863083313626+0j),8,AS
115,(1.1112002638189318+0j),11.0,(13.776778158660672+0j),0,(1.792488323337184+0j),10.200000000000001,(20.404398045815178+0j),1,(5.211058743105778+0j),12.200000000000001,(75.28854046349618+0j),13,AS
116,(0.9011490528829191+0j),11.5,(14.372499973248754+0j),0,(1.8874641084275772+0j),11.5,(40.92844692386308+0j),3,(7.2884420061001745+0j),11.3,(99.59935324470052+0j),24,AS
117,(1.2044781204153976+0j),10.9,(24.22946210959218+0j),1,(1.8831663668984409+0j),11.600000000000001,(21.512960326093676+0j),1,(5.838833606995146+0j),10.8,(87.58196696719259+0j),17,AS
118,(1.5879524945450203+0j),10.100000000000001,(24.121224408669338+0j),1,(3.5636159720925003+0j),10.0,(30.74296488371142+0j),4,(9.406087711525606+0j),10.100000000000001,(122.79019704847244+0j),28,AS
119,(8.133269813998812+0j),13.286713286713287,(73.94607240320468+0j),25,(19.962095911554897+0j),13.386613386613387,(160.13867118015278+0j),55,(44.6703255203057+0j),10.38961038961039,(612.433269910004+0j),96,KO
120,(6.416886231390915+0j),10.600000000000001,(80.7593538450986+0j),19,(10.963730694094824+0j),14.3,(137.3905997507994+0j),31,(29.504910717489643+0j),12.0,(365.7923788951924+0j),70,KO
121,(7.365126033992851+0j),10.9,(65.36089570735152+0j),24,(15.41793033280097+0j),10.700000000000001,(135.47408573259926+0j),46,(35.04406248806403+0j),11.600000000000001,(354.4518599192108+0j),78,KO
122,(9.643600251244337+0j),10.81081081081081,(167.94226402062944+0j),24,(19.503478646228594+0j),14.014014014014013,(183.6278904523714+0j),56,(52.74523505558187+0j),11.911911911911911,(689.678368490191+0j),118,KO
123,(7.4132302923021145+0j),11.08891108891109,(66.27906303057031+0j),22,(12.402369458726964+0j),10.48951048951049,(132.48548733722842+0j),42,(26.021080617339358+0j),10.08991008991009,(176.35329643397586+0j),76,KO
124,(5.926278528129185+0j),12.700000000000001,(54.35398543977557+0j),18,(11.912527656922455+0j),15.5,(101.3078392150547+0j),35,(34.80707409764545+0j),13.4,(363.0743733328353+0j),78,KO
125,(8.226209810611019+0j),14.0,(91.90169592587867+0j),28,(14.637692427616196+0j),14.0,(147.448492108965+0j),50,(42.21268865701319+0j),12.200000000000001,(397.0754370104588+0j),88,KO
126,(8.253447132981135+0j),10.3,(128.08997857855263+0j),22,(13.240025478237623+0j),14.8,(128.60901914104633+0j),46,(43.940775651788876+0j),13.700000000000001,(330.67606198572764+0j),87,KO
127,(9.021698631034491+0j),12.700000000000001,(103.49658478942906+0j),28,(16.222630970014603+0j),11.200000000000001,(213.32521342146384+0j),43,(39.78297482277844+0j),12.200000000000001,(365.8100485657708+0j),81,KO
128,(5.748572056324517+0j),12.5,(53.8492162955176+0j),16,(14.367476637797097+0j),11.0,(131.17462426034905+0j),44,(40.93405087623753+0j),12.0,(631.4413611265223+0j),86,KO
129,(5.023594976665583+0j),10.8,(41.92044594777583+0j),13,(9.854892571718691+0j),11.8,(116.92585384335916+0j),23,(24.711647790727195+0j),13.0,(240.8249633288232+0j),65,KO
130,(5.690687749786315+0j),10.8,(90.13206102486045+0j),10,(12.061854346115114+0j),15.700000000000001,(125.6687785084543+0j),28,(32.86965307184035+0j),14.4,(258.94279528473265+0j),76,KO
131,(5.5245355155745255+0j),10.200000000000001,(130.27619662341522+0j),16,(9.976966842761051+0j),10.5,(179.64144511580002+0j),24,(23.815573482852965+0j),10.5,(355.25189458460875+0j),54,KO
132,(7.714266439568487+0j),11.8,(106.17443236642116+0j),24,(17.004239360788485+0j),14.8,(142.84848168018607+0j),49,(40.703848585738605+0j),12.0,(308.783806243525+0j),97,KO
133,(4.529618015734274+0j),13.200000000000001,(43.517797592448986+0j),6,(8.952722151546718+0j),14.8,(82.43106479938416+0j),15,(31.444460926150647+0j),11.600000000000001,(369.6913736420702+0j),35,KO
134,(12.680261910834128+0j),11.3,(150.282709030315+0j),32,(13.878807716698109+0j),13.700000000000001,(202.07779876599415+0j),33,(49.097545049313375+0j),10.9,(862.6074643844797+0j),73,KO
135,(14.904816764383394+0j),10.9,(210.7948064785084+0j),47,(13.845561482544046+0j),11.4,(187.86794680366745+0j),37,(55.2774287718381+0j),12.3,(846.186651201206+0j),91,KO
136,(15.657890697698512+0j),11.700000000000001,(200.31997064831197+0j),50,(13.160018987001092+0j),10.3,(160.69713225744457+0j),40,(41.24863388743735+0j),10.100000000000001,(562.9919715675206+0j),75,KO
137,(17.17185612728726+0j),11.200000000000001,(223.9548363466237+0j),47,(12.56995403437214+0j),12.200000000000001,(95.27525624262228+0j),40,(51.337308458625294+0j),10.0,(608.7082134017182+0j),82,KO
138,(14.495437526436517+0j),11.3,(131.37937389184418+0j),38,(7.926280857445416+0j),10.4,(98.52324678791727+0j),22,(40.49211300559741+0j),10.9,(422.80893064441665+0j),73,KO
139,(22.920629512354044+0j),11.600000000000001,(227.65518091521895+0j),61,(11.913729251304646+0j),12.4,(113.99718789025763+0j),39,(57.630969639653934+0j),12.4,(468.2511740677144+0j),105,KO
140,(18.820994850179645+0j),13.100000000000001,(283.84891637360636+0j),41,(9.510425778168985+0j),12.0,(111.16612651738937+0j),25,(54.71545421581176+0j),13.100000000000001,(1589.9449192209654+0j),90,KO
141,(19.27295151107325+0j),10.200000000000001,(199.03568876074502+0j),29,(10.253645987733435+0j),10.0,(118.22981520870468+0j),11,(60.89765985158605+0j),11.4,(444.89759456932956+0j),51,KO
142,(2.709106002806165+0j),10.0,(30.71015082406343+0j),4,(5.82270764911359+0j),10.4,(42.58721463832527+0j),18,(7.102851726920035+0j),12.5,(45.18835636628749+0j),18,RW
143,(2.959927038920232+0j),12.987012987012987,(22.796087711418117+0j),3,(6.103372050863168+0j),12.587412587412588,(56.31789528792372+0j),14,(11.051867689498202+0j),10.08991008991009,(133.83127281214686+0j),29,RW
144,(2.8302998441374916+0j),10.9,(45.6906682041454+0j),3,(5.529699517365695+0j),11.3,(45.78189541060974+0j),15,(9.723560726689902+0j),11.5,(89.18556704770234+0j),23,RW
145,(2.236539701372053+0j),10.700000000000001,(22.897633426256423+0j),3,(4.293752845783009+0j),11.200000000000001,(45.02017597959671+0j),10,(6.1347517948134+0j),10.8,(68.125636707722+0j),13,RW
146,(2.779196426405504+0j),10.600000000000001,(23.785720415300418+0j),3,(4.266511285434056+0j),12.600000000000001,(77.1343036498108+0j),2,(5.334445384863939+0j),10.0,(50.66284041317913+0j),6,RW
147,(1.9384828264453424+0j),10.08991008991009,(55.209312665043214+0j),3,(3.929558004358984+0j),10.08991008991009,(68.64056006248967+0j),7,(10.550012309250762+0j),10.08991008991009,(423.87987603198434+0j),20,RW
148,(1.6419967442193992+0j),10.4,(47.28593687724904+0j),2,(3.2949863913648354+0j),13.4,(51.239467771175825+0j),4,(7.513204578787456+0j),11.8,(132.84611596425688+0j),18,RW
149,(1.6664880351798168+0j),10.3,(86.90341356541504+0j),2,(3.203636030874258+0j),13.200000000000001,(64.28568487376634+0j),5,(5.400951828156313+0j),13.200000000000001,(93.3618280978159+0j),9,RW
150,(2.1069141894264085+0j),10.200000000000001,(29.86381724232609+0j),1,(5.306016877505932+0j),10.4,(107.15580544064672+0j),15,(10.912608612134065+0j),11.9,(189.03409597943735+0j),29,RW
151,(2.654644991551376+0j),11.9,(28.525070285032957+0j),4,(7.5851330767979945+0j),13.600000000000001,(77.47409405494929+0j),22,(12.652803896797641+0j),11.600000000000001,(151.54109110207762+0j),36,RW
152,(3.217909980002271+0j),10.5,(61.21751185150509+0j),5,(9.867341235249318+0j),12.3,(99.40816872625567+0j),36,(14.831988085473634+0j),12.8,(138.7314107054037+0j),44,RW
153,(3.506186198975164+0j),10.71071071071071,(42.23120658835777+0j),8,(8.223577401859247+0j),15.715715715715714,(85.97880521995425+0j),26,(17.371861938307806+0j),12.612612612612612,(182.20617816343926+0j),47,RW
154,(2.2222331161603313+0j),10.51051051051051,(25.414674909081295+0j),2,(2.975678471272795+0j),13.613613613613612,(42.98937957445639+0j),5,(10.462375901782666+0j),11.01101101101101,(114.09015899020358+0j),35,RW
155,(1.8375108519357353+0j),11.488511488511488,(23.902523498634807+0j),2,(3.3718300759155966+0j),10.28971028971029,(34.8872710011341+0j),7,(10.620761891559944+0j),10.68931068931069,(187.7250806921055+0j),34,RW
156,(1.8300456204158722+0j),10.11011011011011,(26.14662262925218+0j),2,(2.4189450148778207+0j),10.61061061061061,(44.863190202856465+0j),4,(10.537124533261208+0j),11.911911911911911,(148.52252897224284+0j),34,RW
157,(2.018306937811182+0j),11.688311688311689,(30.00066830182646+0j),2,(4.594471293019583+0j),12.087912087912088,(92.12688232291556+0j),13,(12.463866142653181+0j),12.087912087912088,(165.7998813700225+0j),33,RW
158,(2.0795864579304593+0j),10.700000000000001,(38.38057925125198+0j),2,(4.739845771526167+0j),11.9,(62.31880257748451+0j),14,(13.847515921941529+0j),12.0,(213.76577947082794+0j),35,RW
159,(2.566465031102853+0j),10.100000000000001,(49.12061599947498+0j),6,(3.9029285324618765+0j),10.3,(92.26718089358681+0j),9,(11.394444682700026+0j),11.8,(131.34689497990092+0j),27,RW
160,(2.305256381760472+0j),11.0,(38.75664847516357+0j),5,(4.0921761762428845+0j),10.9,(38.28089860014753+0j),12,(12.718694615906967+0j),12.8,(257.2840718320154+0j),35,RW
161,(2.127177008304049+0j),10.100000000000001,(33.88861601736283+0j),2,(4.028771974920968+0j),11.200000000000001,(42.54929259888685+0j),10,(11.361325239011569+0j),11.100000000000001,(138.2843828721721+0j),31,RW
162,(2.21282463132594+0j),10.600000000000001,(37.89508323793636+0j),2,(2.9952951139969533+0j),11.8,(36.76447644493237+0j),2,(9.517274311979856+0j),11.8,(109.92556052336882+0j),16,RW
163,(2.0149727664479586+0j),10.31031031031031,(36.94724758561979+0j),2,(2.824395428433782+0j),13.413413413413412,(39.67377210083826+0j),3,(10.817771445691458+0j),12.112112112112111,(96.76999368291884+0j),36,RW
164,(2.176406048583262+0j),10.18981018981019,(65.50094048537413+0j),3,(4.03566529472398+0j),11.18881118881119,(74.33607498941359+0j),10,(10.366957978494076+0j),11.688311688311689,(100.0070862274054+0j),33,RW
165,(2.139417701799007+0j),10.5,(23.473319663300114+0j),3,(4.636128976176015+0j),13.4,(58.55573747736294+0j),14,(12.240400243258296+0j),11.8,(171.7213488379847+0j),35,RW
166,(2.1886995932319735+0j),10.01001001001001,(30.56793790001601+0j),6,(3.800361179588251+0j),10.21021021021021,(63.34353024979778+0j),8,(12.525795576513527+0j),14.914914914914913,(139.69525665461524+0j),31,RW
167,(2.02847460305986+0j),10.68931068931069,(65.2977595309086+0j),4,(2.9359419197954315+0j),11.18881118881119,(60.102654094858124+0j),7,(7.742291352963526+0j),11.18881118881119,(101.57616596150625+0j),23,RW
168,(3.0558634608694697+0j),11.8,(59.32324759927958+0j),3,(5.054829432043625+0j),13.4,(68.32643474316058+0j),12,(15.799662873965922+0j),11.8,(224.92600655384152+0j),40,RW
169,(1.760226784253035+0j),11.3,(37.165475321479036+0j),2,(2.768876362418352+0j),10.100000000000001,(25.963275384346705+0j),3,(8.092753961338648+0j),10.5,(112.41348824300886+0j),22,RW
170,(1.3924918182382269+0j),10.200000000000001,(21.20498609007832+0j),1,(2.8484351843502353+0j),11.600000000000001,(45.94391133966375+0j),1,(7.343584230106806+0j),10.8,(57.997928085776564+0j),13,RW
171,(1.7988168042656332+0j),10.38961038961039,(21.607196678994285+0j),1,(2.946241456419423+0j),10.48951048951049,(47.54996089069811+0j),7,(11.689637429829313+0j),12.587412587412588,(138.25153788008456+0j),36,RW
172,(1.9734843356424632+0j),14.014014014014013,(21.17458826025636+0j),1,(4.111392348902056+0j),12.412412412412412,(74.31126145187916+0j),11,(12.047371945089706+0j),10.71071071071071,(117.05611299327389+0j),34,RW
173,(2.81686967646479+0j),14.385614385614385,(25.875324689872336+0j),3,(6.535488280031882+0j),12.487512487512488,(56.69036914618265+0j),19,(14.521507945634214+0j),10.08991008991009,(265.6883665458591+0j),38,RW
174,(2.299778378336478+0j),11.01101101101101,(31.65104329110534+0j),3,(3.6008212629232172+0j),12.412412412412412,(52.839908433371015+0j),7,(12.038068675754314+0j),11.11111111111111,(183.46356263074517+0j),27,RW
175,(2.2188356127656728+0j),12.887112887112888,(18.856282011666607+0j),0,(4.645631134687287+0j),12.187812187812188,(44.485756158301534+0j),11,(12.240431281027195+0j),11.08891108891109,(160.80430130053335+0j),35,RW
176,(2.731948010446427+0j),12.812812812812812,(24.358063701755377+0j),2,(5.997254431472393+0j),10.71071071071071,(57.12072781892948+0j),22,(14.213827263224003+0j),14.214214214214213,(131.20296629629564+0j),40,RW
177,(2.558819978123436+0j),11.700000000000001,(43.20198092225268+0j),3,(5.511484684469782+0j),10.3,(94.29037331448154+0j),9,(14.039789709084754+0j),10.3,(169.2791856922649+0j),34,RW
178,(1.8257406122418491+0j),11.288711288711289,(23.35423473066887+0j),3,(3.4772150183580677+0j),13.386613386613387,(36.80780879067914+0j),9,(10.550405468745238+0j),10.48951048951049,(159.9320653036156+0j),30,RW
179,(2.129394370182215+0j),10.100000000000001,(22.444336726408213+0j),1,(4.251319271776694+0j),13.200000000000001,(57.21763709727009+0j),14,(8.63500993167066+0j),10.5,(97.06703102771974+0j),27,RW
180,(2.403032232776377+0j),11.3,(44.46141845676598+0j),3,(4.2240006462689825+0j),13.3,(43.27907500658534+0j),11,(15.190911876912022+0j),11.0,(216.16167057412176+0j),38,RW
181,(1.195878328319516+0j),11.8,(18.335566525807657+0j),0,(2.7532739242840396+0j),10.4,(25.967531155203517+0j),3,(7.463026592450082+0j),11.8,(78.44467007793084+0j),12,RW
182,(1.6735651898766795+0j),10.100000000000001,(37.82827370578011+0j),1,(2.4033625954976325+0j),10.8,(33.10592442145842+0j),5,(7.663751919665744+0j),13.0,(66.78728582820759+0j),24,RW
183,(2.0031477247371057+0j),11.9,(21.249324873756493+0j),1,(3.359007435507708+0j),10.4,(47.57358728041924+0j),7,(12.414529738870788+0j),13.3,(133.65478962538515+0j),38,RW
184,(1.5282065943356966+0j),11.600000000000001,(25.191199011456114+0j),1,(3.7948497159886188+0j),11.9,(61.62408256467279+0j),9,(7.626504772040911+0j),12.200000000000001,(118.51992123615335+0j),18,RW
185,(1.7850399857811148+0j),12.600000000000001,(23.837797646278094+0j),2,(2.851997126302025+0j),11.3,(42.471770005022016+0j),5,(9.862689559527354+0j),10.9,(120.69281886921763+0j),31,RW
186,(3.091522344563619+0j),10.8,(32.61277086031595+0j),4,(6.2392893404313385+0j),11.200000000000001,(72.55242330404785+0j),8,(14.702411625247022+0j),10.8,(259.4540943150647+0j),17,RW
187,(2.1078087067049647+0j),11.3,(24.411705856096894+0j),1,(3.807778427881944+0j),11.200000000000001,(53.846504834007064+0j),8,(9.151362227626098+0j),10.8,(101.79401304911418+0j),31,RW
188,(2.8272571567171694+0j),10.9,(31.505611938431315+0j),5,(5.054587468079126+0j),12.0,(49.39878417640791+0j),14,(12.43964875992195+0j),11.700000000000001,(139.33899115646793+0j),35,RW
189,(2.4033336198108115+0j),10.11011011011011,(39.33615735913092+0j),5,(4.996677027862606+0j),11.01101101101101,(54.278508336756815+0j),15,(9.69720113893375+0j),15.515515515515514,(75.57099002732308+0j),30,RW
190,(2.7583731493721477+0j),11.08891108891109,(35.85054365613165+0j),7,(4.644397997607139+0j),11.38861138861139,(65.75460448215506+0j),14,(13.149819019075906+0j),13.486513486513488,(170.76233916054196+0j),37,RW
191,(2.8806093584631123+0j),10.01001001001001,(39.486977454582835+0j),5,(6.002521430859645+0j),10.11011011011011,(85.76817151203477+0j),16,(12.576887405252265+0j),11.611611611611611,(133.43488616976157+0j),38,RW
192,(2.7755101792042107+0j),12.200000000000001,(36.60447170897506+0j),6,(4.247512745577165+0j),12.200000000000001,(46.47958812408963+0j),10,(12.093215155664586+0j),10.0,(184.7461145679926+0j),33,RW
193,(2.816291174707975+0j),10.08991008991009,(25.211381182517435+0j),3,(4.546647091505246+0j),11.688311688311689,(67.37624173879243+0j),8,(10.296309896505532+0j),10.08991008991009,(93.74289659524469+0j),30,RW
194,(2.1914570373985907+0j),10.51051051051051,(20.77689258986921+0j),1,(3.905221338066576+0j),13.013013013013012,(44.20389984595295+0j),5,(8.6260090247643+0j),10.31031031031031,(141.51992990236795+0j),22,RW
195,(2.674553534719546+0j),12.287712287712289,(18.249646917533422+0j),0,(5.8002898076085625+0j),15.084915084915085,(45.6327084885614+0j),16,(11.696361070410813+0j),12.587412587412588,(144.80553942755617+0j),33,RW
196,(2.030730560523819+0j),13.8,(22.21509499921972+0j),1,(4.437576962197239+0j),12.5,(50.22000207831024+0j),8,(8.220623157085212+0j),10.700000000000001,(58.136812603979514+0j),25,RW
197,(1.963124807703882+0j),11.0,(24.054180770808525+0j),1,(4.249094641331463+0j),11.8,(41.68715255305098+0j),10,(6.94153331142919+0j),11.100000000000001,(71.36876651860936+0j),20,RW
198,(2.0880729618011284+0j),12.4,(27.21531676254355+0j),2,(3.4952427827550987+0j),11.600000000000001,(33.506397206963655+0j),5,(7.221306352580231+0j),13.700000000000001,(84.80385503885024+0j),19,RW
199,(3.214097443378569+0j),12.0,(57.934033908354756+0j),4,(4.451130546758597+0j),10.200000000000001,(75.21107864184238+0j),4,(9.2225489020089+0j),12.5,(86.64225677939766+0j),24,RW
200,(3.146870761307797+0j),10.8,(40.49232958470422+0j),5,(5.475704154138915+0j),11.200000000000001,(46.56131681229044+0j),16,(9.259276953422566+0j),12.3,(118.8709878606293+0j),28,RW
201,(2.9752434477583214+0j),11.0,(46.58570022150266+0j),4,(6.313327216749312+0j),11.0,(93.62147503005956+0j),20,(8.688042686243714+0j),11.0,(147.07652538098125+0j),21,RW
202,(3.4690563970326345+0j),10.600000000000001,(62.19637590900766+0j),8,(6.600418648965492+0j),13.700000000000001,(104.06558747741147+0j),17,(10.622179511526923+0j),13.8,(122.1571011202438+0j),33,RW
203,(2.4194613072120483+0j),10.4,(35.216395968954735+0j),3,(4.324037262275077+0j),10.600000000000001,(54.90033763710986+0j),12,(7.522189920546631+0j),13.200000000000001,(82.29670301522901+0j),21,RW
204,(1.911061959059535+0j),11.9,(25.570275172868023+0j),2,(2.671692321890723+0j),10.9,(33.00213659854306+0j),2,(10.493602478205478+0j),11.600000000000001,(115.01231956917543+0j),29,RW
205,(2.5882390221410505+0j),12.200000000000001,(39.25785260227106+0j),3,(4.9661493635261635+0j),12.5,(64.21543520479483+0j),9,(13.407789716127352+0j),11.700000000000001,(172.6731780726446+0j),38,RW
206,(2.6238138861655322+0j),11.3,(32.164208231766416+0j),2,(5.404418914101288+0j),10.100000000000001,(46.11684902492313+0j),15,(12.40320390643741+0j),13.3,(109.56830067894212+0j),36,RW
207,(3.1031681796456225+0j),11.200000000000001,(28.21448891300488+0j),4,(6.199063321978841+0j),12.4,(78.76191420521508+0j),9,(14.656703886899706+0j),10.200000000000001,(134.96312495325947+0j),21,RW
208,(1.7129952546040277+0j),11.8,(28.84142855768484+0j),1,(2.9260569631153293+0j),10.200000000000001,(31.78513846756181+0j),3,(10.954126419404373+0j),13.0,(156.1701788823133+0j),30,RW
209,(2.3480653852580375+0j),12.5,(39.55265945586356+0j),3,(3.548609226642191+0j),14.0,(53.74549575330064+0j),6,(11.660121279334048+0j),11.700000000000001,(143.20903868347636+0j),32,RW
210,(2.3371749670353457+0j),12.100000000000001,(66.83307545625611+0j),2,(3.6982835852251785+0j),13.5,(44.25397622209518+0j),8,(12.36221185705475+0j),13.5,(193.57010386160138+0j),38,RW
211,(2.013079621223935+0j),12.3,(28.056104074560174+0j),1,(3.747501176767019+0j),11.600000000000001,(62.19298517384613+0j),8,(11.594111995758503+0j),10.8,(174.42070895703682+0j),36,RW
212,(2.7765786453258565+0j),12.200000000000001,(34.133241129133154+0j),3,(4.424729196480261+0j),11.200000000000001,(89.65858186292789+0j),9,(8.470484026648506+0j),11.600000000000001,(101.38118848507197+0j),28,RW
213,(2.573025348741334+0j),11.0,(47.30485029822301+0j),3,(4.901110483173015+0j),12.0,(75.64201477758948+0j),11,(11.75542600674589+0j),10.100000000000001,(165.14307376916497+0j),39,RW
214,(3.510147456116259+0j),13.200000000000001,(44.43365935611919+0j),5,(2.7245871713494068+0j),12.3,(44.00239126104778+0j),6,(11.70898344566341+0j),11.100000000000001,(205.2936384494669+0j),37,SC
215,(8.59827713263835+0j),14.3,(102.44021857692016+0j),26,(8.223845489857444+0j),15.600000000000001,(104.85831616678931+0j),24,(25.316925332470404+0j),11.9,(372.4108569889922+0j),64,SC
216,(12.235701351821389+0j),14.8,(158.74546114317522+0j),34,(9.751303213320355+0j),10.3,(112.02805196593174+0j),32,(31.28993275607159+0j),12.200000000000001,(305.52814724703234+0j),72,SC
217,(8.777313034681589+0j),11.3,(95.93347844114558+0j),28,(5.670361408199555+0j),14.600000000000001,(62.28836273780528+0j),15,(26.975666591510926+0j),12.200000000000001,(303.87510972975167+0j),59,SC
218,(10.037191330823207+0j),13.8,(130.10323268057374+0j),30,(7.728143774887399+0j),12.3,(83.84115054600441+0j),21,(30.036887380940012+0j),11.200000000000001,(354.9584011868056+0j),66,SC
219,(8.547049221339796+0j),13.9,(106.7256024185591+0j),26,(5.3657673616777455+0j),10.0,(50.09367706188524+0j),11,(29.198078834159976+0j),11.5,(375.01295878008904+0j),77,SC
220,(8.25232288048119+0j),10.3,(97.04272211491663+0j),24,(5.694972063376441+0j),11.0,(50.505538809017374+0j),12,(22.948987498824664+0j),11.8,(261.2316638447427+0j),67,SC
221,(12.285769458984655+0j),14.9,(121.46929466369787+0j),40,(8.460011159934945+0j),12.5,(61.814967206877+0j),26,(37.776081209761166+0j),10.700000000000001,(570.9215974325701+0j),80,SC
222,(6.197776161690263+0j),12.9,(65.83175866833597+0j),14,(3.91888098799773+0j),10.600000000000001,(49.00888085830555+0j),4,(22.28075224347687+0j),12.9,(306.0784788304766+0j),61,SC
223,(7.572035395213705+0j),16.3,(71.49044552998961+0j),25,(5.874477650056923+0j),12.4,(61.474278312840994+0j),16,(28.88365470482526+0j),10.200000000000001,(451.51488080720026+0j),61,SC
224,(8.813592195646713+0j),12.4,(99.58610496310595+0j),13,(5.0904527608622425+0j),10.4,(77.78442756137325+0j),5,(35.61060329653656+0j),10.4,(471.76561552606887+0j),26,SC
225,(4.953855867217955+0j),12.487512487512488,(38.961042032153024+0j),11,(9.245782695553837+0j),13.686313686313687,(79.69227797135467+0j),26,(25.864169710200553+0j),10.18981018981019,(276.7041125370293+0j),65,SC
226,(3.116804989938934+0j),13.100000000000001,(36.657027506729314+0j),4,(5.525989103698863+0j),10.100000000000001,(61.09859267694637+0j),14,(14.100403761338882+0j),11.700000000000001,(190.47687143190166+0j),37,SC
227,(3.5550044138362398+0j),11.4,(34.382262907824924+0j),7,(5.741951396890279+0j),12.3,(54.83317511456661+0j),13,(15.425727677059516+0j),11.100000000000001,(169.5876615188649+0j),46,SC
228,(5.179367283663015+0j),13.8,(60.516783689875744+0j),9,(8.481512256755593+0j),12.4,(69.36037504406085+0j),29,(23.585302653087094+0j),10.5,(478.6912071779774+0j),69,SC
229,(5.331460624544783+0j),13.600000000000001,(56.86764858998049+0j),10,(8.5981368350972+0j),12.700000000000001,(81.77807419923434+0j),27,(28.42299663455514+0j),13.5,(254.23217617349923+0j),82,SC
230,(3.425119015291349+0j),12.112112112112111,(59.57607556283194+0j),5,(6.428396279277581+0j),11.811811811811811,(60.005770806586284+0j),17,(19.606290102486902+0j),10.01001001001001,(259.5825910831842+0j),45,SC
231,(3.4314016520178825+0j),11.700000000000001,(54.75700692328324+0j),6,(6.476167913555037+0j),10.700000000000001,(91.02825602300257+0j),15,(17.690776935156137+0j),10.8,(212.10551006681902+0j),49,SC
232,(5.049487513225435+0j),10.28971028971029,(76.30295142352527+0j),13,(7.9718792081318375+0j),10.28971028971029,(73.04932168180025+0j),23,(23.33042454150309+0j),10.18981018981019,(357.1297928958952+0j),55,SC
233,(4.445469482456481+0j),10.91091091091091,(43.58127230138282+0j),12,(8.337389057896264+0j),13.813813813813812,(81.88618612937012+0j),23,(22.424282641638687+0j),13.113113113113112,(380.10522638957127+0j),53,SC
234,(4.866081276379646+0j),12.087912087912088,(46.11116102369775+0j),8,(9.233188604020837+0j),10.18981018981019,(94.95350154768224+0j),33,(22.979590632950313+0j),10.68931068931069,(192.08551224715765+0j),63,SC
235,(3.1803375560229306+0j),10.700000000000001,(33.47671578265975+0j),2,(5.590929296025372+0j),13.8,(42.70936672940956+0j),11,(15.79137749382257+0j),12.0,(169.67537352590566+0j),44,SC
236,(4.568453154339978+0j),10.700000000000001,(50.249745607220355+0j),12,(8.4132639835211+0j),16.1,(82.72370627219499+0j),25,(22.959723030284852+0j),10.600000000000001,(163.08005013562268+0j),64,SC
237,(5.928992651850043+0j),10.11011011011011,(97.89651068433089+0j),16,(9.29352590768536+0j),12.212212212212211,(75.4889446692177+0j),29,(25.225822578458228+0j),12.112112112112111,(231.3704813309091+0j),62,SC
238,(3.6944957347549874+0j),10.38961038961039,(34.82705124692433+0j),6,(5.392424175421878+0j),13.586413586413586,(40.30950815688953+0j),14,(19.203662109981668+0j),10.08991008991009,(266.75189110309395+0j),50,SC
239,(4.713581863190236+0j),10.4,(42.63313488905612+0j),10,(7.425873167781228+0j),12.8,(50.47343710557084+0j),11,(17.345453657414488+0j),11.200000000000001,(264.1043784462932+0j),24,SC
240,(7.135339332268174+0j),10.200000000000001,(71.08708521987118+0j),19,(8.482915740722937+0j),10.4,(104.05379883616293+0j),28,(30.884986642540593+0j),10.4,(538.0595415361573+0j),57,SC
241,(7.063704795944776+0j),10.3,(158.0201010678392+0j),15,(5.108006094193557+0j),10.600000000000001,(47.88338431887996+0j),13,(19.635129553017162+0j),10.200000000000001,(181.996893276093+0j),56,SC
242,(11.526873980904005+0j),14.600000000000001,(200.23827147055897+0j),34,(8.232124397973886+0j),10.4,(115.52105609019549+0j),22,(43.89820951833688+0j),11.5,(554.7530604149437+0j),75,SC
243,(15.53892620823128+0j),10.5,(239.7049443691519+0j),49,(8.995910952006595+0j),10.5,(165.0521647827729+0j),26,(44.46327659117787+0j),10.100000000000001,(507.4932786210538+0j),85,SC
244,(14.866107496843176+0j),10.9,(200.98450136387507+0j),48,(6.76299738460542+0j),11.200000000000001,(98.54115085981873+0j),19,(35.26361755203326+0j),10.9,(482.01839669163274+0j),74,SC
245,(13.329243801247188+0j),12.600000000000001,(142.5270417065856+0j),41,(6.114422106899161+0j),11.100000000000001,(105.56403824435122+0j),13,(30.515836787462128+0j),14.3,(306.890982476887+0j),68,SC
246,(14.66374525408748+0j),10.600000000000001,(118.94579726532235+0j),47,(5.82448386689109+0j),16.6,(41.72851685837601+0j),16,(32.22546107270278+0j),15.3,(283.6893299645343+0j),79,SC
247,(14.228486028731243+0j),13.0,(193.0661518949646+0j),47,(5.0861773762662335+0j),12.8,(40.633009692072626+0j),7,(29.355040349592976+0j),14.5,(311.47096927523665+0j),65,SC
248,(8.52196416555891+0j),11.9,(94.07702629051516+0j),28,(3.8133336787810346+0j),11.200000000000001,(44.803613973003166+0j),10,(18.548964281209347+0j),13.100000000000001,(132.47427212214194+0j),51,SC
249,(15.898596006201316+0j),12.0,(330.42403587614604+0j),43,(7.266297810930631+0j),12.0,(81.99183428880528+0j),18,(35.503029327403034+0j),12.0,(529.7073458013148+0j),81,SC
250,(7.511001956652056+0j),10.8,(136.81114857858523+0j),25,(2.994159833092037+0j),10.3,(33.49825287031487+0j),3,(15.850240781510314+0j),12.8,(162.39790679690694+0j),47,SC
251,(8.147864073421049+0j),10.3,(78.57639353556573+0j),25,(3.8141194206285203+0j),10.8,(71.60607054779598+0j),8,(20.275971625126697+0j),10.8,(194.8825677374284+0j),64,SC
252,(1.3112033283719364+0j),11.100000000000001,(13.210504113679685+0j),0,(2.6339444966930268+0j),14.100000000000001,(27.481555064378995+0j),3,(8.387060324130449+0j),13.3,(123.1675881737166+0j),24,SC
253,(1.505465547462385+0j),10.4,(30.20026099331664+0j),2,(2.691259348511266+0j),10.8,(34.625118852815+0j),4,(5.9014468808595915+0j),10.5,(54.24011888518141+0j),14,SC
254,(1.4351931808670069+0j),14.3,(13.585739500152963+0j),0,(2.6841848316724755+0j),10.3,(33.245092007391655+0j),2,(6.313401415264538+0j),11.3,(83.25174060387015+0j),16,SC
255,(1.2675487354303117+0j),10.21021021021021,(12.809204820829777+0j),0,(2.462632634009502+0j),10.51051051051051,(33.721747254514604+0j),3,(7.4820216395212755+0j),11.811811811811811,(99.45837463773536+0j),20,SC
256,(1.6062357117246544+0j),10.18981018981019,(33.152415128865975+0j),1,(2.8929081905796563+0j),12.087912087912088,(36.145763085299635+0j),2,(7.609941827623778+0j),10.48951048951049,(99.40919884128641+0j),26,SC
257,(1.1377479978338856+0j),12.0,(11.609197843764258+0j),0,(2.6352246849588568+0j),10.5,(29.478930309495723+0j),2,(5.615616336808449+0j),12.100000000000001,(132.01286832334642+0j),12,SC
258,(0.9896522829989692+0j),10.91091091091091,(17.441503206135064+0j),0,(2.7980330455772453+0j),10.61061061061061,(37.31010406353194+0j),2,(6.377956720637191+0j),12.112112112112111,(105.68006496633645+0j),14,SC
259,(1.0623571129046454+0j),13.986013986013987,(22.523624750962487+0j),1,(2.629848586744355+0j),10.08991008991009,(29.855161745014613+0j),2,(7.9825446356615+0j),12.887112887112888,(170.6454288385485+0j),15,SC
260,(1.036642702517639+0j),10.100000000000001,(13.013063967807893+0j),0,(2.046892386149274+0j),10.100000000000001,(22.99724955722281+0j),2,(4.117839328128892+0j),10.0,(50.81592136545564+0j),6,SC
261,(0.9651629664834611+0j),10.5,(13.895575281223923+0j),0,(1.428982151510873+0j),10.700000000000001,(26.228349068744844+0j),1,(3.1366471724455636+0j),12.600000000000001,(33.78235038186429+0j),4,SC
262,(1.2080309301466865+0j),10.9,(12.14737561995622+0j),0,(1.7370727714434762+0j),10.4,(16.615237232406937+0j),0,(5.318126934477024+0j),13.0,(79.56732428980648+0j),11,SC
263,(1.5442192407673774+0j),10.200000000000001,(18.6273045186274+0j),0,(2.2837537270043917+0j),10.200000000000001,(28.689098693288347+0j),3,(6.907559943216533+0j),10.5,(123.49565986448027+0j),17,SC
264,(1.6184995698624316+0j),11.0,(17.749682632440926+0j),0,(1.9815871863653496+0j),13.4,(16.719401004009605+0j),0,(6.338997482029406+0j),13.8,(50.33076680798392+0j),9,SC
265,(1.5673094281749433+0j),10.21021021021021,(12.056972664192452+0j),0,(2.4037072584507806+0j),12.612612612612612,(18.183254506312505+0j),0,(7.927152377436152+0j),10.31031031031031,(143.16599752974838+0j),16,SC
266,(1.6800205136178432+0j),11.08891108891109,(22.715828759799898+0j),1,(2.550400126724258+0j),12.187812187812188,(24.356990477991378+0j),2,(7.998731026821587+0j),10.68931068931069,(81.83263949564157+0j),19,SC
267,(1.4040647898478475+0j),13.100000000000001,(12.457228809383883+0j),0,(1.4514882981463384+0j),11.200000000000001,(13.2374555932979+0j),0,(7.266442580275141+0j),10.4,(116.02778349041066+0j),18,SC
268,(1.7764653112716788+0j),12.0,(30.398806540549558+0j),1,(2.467928648267462+0j),11.9,(48.18099476438345+0j),2,(8.065866219619533+0j),11.200000000000001,(222.22825768880648+0j),22,SC
269,(2.1400361508925947+0j),12.100000000000001,(15.226303305244057+0j),0,(2.7992480361339447+0j),13.0,(26.497113017933003+0j),4,(8.060515381121723+0j),11.8,(116.4003872654671+0j),25,SC
270,(1.5312055558698947+0j),10.3,(21.523908214839206+0j),2,(1.7801732373459298+0j),11.600000000000001,(19.579794439784692+0j),0,(5.497294461458758+0j),10.3,(91.97900881493733+0j),15,SC
271,(1.2695738909621181+0j),10.4,(10.35577583180722+0j),0,(1.7954547705498465+0j),13.9,(20.050596962118345+0j),1,(5.892020890575388+0j),10.3,(101.79258000013344+0j),14,SC
272,(1.4455961832776267+0j),10.3,(36.609475160871185+0j),1,(1.4001685026870654+0j),11.600000000000001,(18.318488602111906+0j),0,(5.313168605474411+0j),12.600000000000001,(93.1687870752634+0j),13,SC
273,(1.4042713834513363+0j),10.600000000000001,(19.504503973323704+0j),0,(1.6236006491578088+0j),12.600000000000001,(18.51423321706279+0j),0,(6.153556457255657+0j),10.700000000000001,(84.94606493106991+0j),19,SC
274,(3.0354602584363124+0j),12.912912912912912,(20.559594199529265+0j),1,(5.9686896421744065+0j),11.911911911911911,(58.05416582887701+0j),14,(14.681892039811837+0j),10.71071071071071,(105.41556732686425+0j),46,SC
275,(3.7960211889642856+0j),11.588411588411589,(67.31864143467845+0j),7,(7.108963622856422+0j),10.18981018981019,(91.2803336542063+0j),19,(19.326837229219322+0j),12.487512487512488,(187.60694901374657+0j),52,SC
276,(2.674808865505231+0j),12.100000000000001,(25.18246118750964+0j),3,(4.108251812694179+0j),11.600000000000001,(22.476784470137794+0j),1,(15.622311790905872+0j),12.600000000000001,(118.01040506375541+0j),51,SC
277,(2.215157128101975+0j),12.9,(28.635674095388833+0j),2,(3.68352288295719+0j),12.5,(47.654902276058+0j),5,(12.858242928080324+0j),13.5,(184.03240483189109+0j),30,SC
278,(5.7991292841975+0j),11.100000000000001,(136.55318282724343+0j),10,(12.754452382212898+0j),12.700000000000001,(143.41929138908105+0j),31,(26.651799402326716+0j),10.200000000000001,(366.0523935130911+0j),63,SC
279,(3.4487713602827985+0j),10.3,(31.62531719202716+0j),3,(11.500673783990004+0j),11.100000000000001,(178.39066484372694+0j),22,(22.423623345522955+0j),10.600000000000001,(262.873309807735+0j),61,SC
280,(5.638181553680291+0j),10.8,(76.41474918345196+0j),6,(9.25534310142086+0j),14.0,(42.321218100131844+0j),14,(27.796125189248524+0j),10.8,(356.6699750523653+0j),36,SC
281,(2.2794382242605318+0j),11.8,(21.898831125433553+0j),1,(4.069380570290056+0j),10.0,(66.34816933876746+0j),4,(11.01822708943621+0j),11.600000000000001,(146.12268868461948+0j),33,SC
282,(1.540301204597659+0j),11.4,(13.018789754635629+0j),0,(5.2353405976891505+0j),13.0,(45.68753770326791+0j),15,(7.574296255590167+0j),10.600000000000001,(55.130773428099005+0j),18,SC
283,(0.5368271212837105+0j),10.200000000000001,(4.649665064139016+0j),0,(4.003949413801005+0j),15.100000000000001,(34.874684452137096+0j),8,(6.656519823218439+0j),17.0,(79.22742823464517+0j),16,SC
284,(0.4829283636985089+0j),17.1,(5.277931378034394+0j),0,(3.9630577635431035+0j),10.9,(42.44940587277354+0j),8,(5.7612331020097045+0j),25.0,(62.8173296382136+0j),7,SC
285,(1.2359463383366083+0j),14.214214214214213,(7.586652120485523+0j),0,(6.468938566093629+0j),15.615615615615614,(55.10152138465196+0j),21,(10.656686915730653+0j),15.815815815815814,(65.65709337857625+0j),27,SC
286,(1.8046254973019173+0j),14.585414585414586,(24.543671235005586+0j),1,(5.662950573153046+0j),10.08991008991009,(48.03593955005731+0j),14,(12.213797350098082+0j),11.18881118881119,(196.3414868719168+0j),34,SC
287,(1.1723301331881226+0j),12.600000000000001,(9.210123437532491+0j),0,(6.226011450941471+0j),15.100000000000001,(42.913126836567024+0j),15,(9.444075002861194+0j),10.4,(80.23947503914283+0j),24,SC
288,(1.0418112144440088+0j),11.8,(8.209599123369546+0j),0,(8.478699814801814+0j),11.4,(81.85143451107547+0j),12,(9.143948146309928+0j),10.4,(40.88038385067722+0j),13,SC
289,(2.4041295132026455+0j),11.600000000000001,(33.33679336594218+0j),2,(4.442210390908687+0j),10.600000000000001,(53.62068255082704+0j),7,(18.24812899875873+0j),11.8,(220.39571730769018+0j),36,WW
290,(3.2217274654496935+0j),10.700000000000001,(48.38443971455469+0j),4,(4.116227811184643+0j),10.5,(40.41791037050288+0j),9,(13.904581807567807+0j),11.8,(241.40254479153322+0j),35,WW
291,(4.5878219640984375+0j),10.200000000000001,(142.4620217668514+0j),8,(4.9730432533835245+0j),13.5,(70.78575717201497+0j),12,(20.566811160324644+0j),12.4,(310.57181023387085+0j),47,WW
292,(3.8270357310561263+0j),10.51051051051051,(41.64436318233397+0j),7,(4.361931770182724+0j),11.611611611611611,(47.7775860560065+0j),6,(15.671835692742333+0j),11.11111111111111,(309.5901078047424+0j),39,WW
293,(3.4302092095489805+0j),12.4,(54.32976771560397+0j),10,(4.981739965715716+0j),11.3,(83.2504853682611+0j),12,(16.718086299132917+0j),10.8,(166.75869427700084+0j),48,WW
294,(2.898405100322263+0j),11.08891108891109,(69.00596022298518+0j),4,(4.486951542459598+0j),10.78921078921079,(40.41226497510457+0j),13,(15.589154916841364+0j),13.886113886113886,(202.8655273496841+0j),42,WW
295,(3.5335621441997893+0j),10.700000000000001,(48.34237069666935+0j),7,(5.277099861948491+0j),10.100000000000001,(45.74820566338977+0j),11,(19.999472436808183+0j),11.8,(247.53686245844548+0j),49,WW
296,(2.5419841114338113+0j),11.5,(50.824812020259735+0j),3,(4.668326395321828+0j),10.200000000000001,(74.05914637263193+0j),8,(17.004513610300833+0j),12.8,(274.2432769646104+0j),49,WW
297,(3.1230460248325467+0j),14.514514514514513,(37.475120708764344+0j),5,(6.876393566939034+0j),10.61061061061061,(71.00152251843306+0j),23,(20.30872386500044+0j),11.911911911911911,(216.1796242298604+0j),46,WW
298,(2.8164619039451835+0j),10.578842315369261,(34.71760716349102+0j),3,(3.9379971792054254+0j),12.974051896207586,(52.91478701425883+0j),4,(17.906231460155013+0j),11.976047904191617,(302.3286233403804+0j),19,WW
299,(2.438814117937365+0j),10.68931068931069,(24.6200673615256+0j),2,(5.142747414211918+0j),12.987012987012987,(35.660237217919835+0j),19,(17.696657497504493+0j),10.78921078921079,(302.67741419020683+0j),42,WW
300,(2.757348346990739+0j),11.0,(32.896322392124695+0j),2,(5.259620933908825+0j),11.8,(54.145696521638556+0j),17,(16.623216927198822+0j),10.0,(202.6918377086586+0j),48,WW
301,(1.7985110983176202+0j),10.0,(25.128894989748247+0j),1,(2.706142896688675+0j),11.100000000000001,(22.214266389109746+0j),2,(11.292336261790835+0j),10.8,(152.05705835221937+0j),30,WW
302,(3.106470757599527+0j),12.9,(27.061089526095977+0j),4,(4.986146721209444+0j),12.4,(50.40825466042271+0j),14,(18.24829448024867+0j),10.600000000000001,(286.784091252618+0j),41,WW
303,(3.117356232805665+0j),12.512512512512512,(47.95383038000764+0j),4,(5.669792821505681+0j),13.213213213213212,(61.264451221806844+0j),16,(15.066529038493623+0j),10.31031031031031,(163.25604609422513+0j),37,WW
304,(2.694304217250074+0j),11.0,(44.48350181318776+0j),3,(5.02520320031261+0j),12.200000000000001,(43.52715292742134+0j),13,(16.57532698361735+0j),13.9,(171.78372864317268+0j),44,WW
305,(2.865549465162091+0j),12.287712287712289,(40.85752765369242+0j),4,(4.539674129062071+0j),12.887112887112888,(47.37405018079225+0j),8,(14.944374113131037+0j),11.488511488511488,(209.87079810336016+0j),45,WW
306,(2.1873142772622236+0j),11.9,(23.773170462328228+0j),1,(4.500126989348807+0j),11.0,(40.56280745243996+0j),14,(13.957302198677306+0j),10.3,(197.2970531729813+0j),31,WW
307,(3.5932038325917457+0j),10.4,(68.31672661587436+0j),4,(7.193947410768993+0j),10.100000000000001,(91.5586093728559+0j),21,(18.59942802571816+0j),10.5,(248.3810463291058+0j),44,WW
308,(4.250290587287778+0j),11.0,(33.31972918975345+0j),8,(5.964536128452319+0j),11.0,(43.92868562795619+0j),19,(15.961631171636693+0j),12.600000000000001,(183.74983393014054+0j),48,WW
309,(3.7849526759317462+0j),12.0,(83.8557056472665+0j),6,(5.829342663604476+0j),10.9,(76.23239865731388+0j),19,(21.424489194488046+0j),13.600000000000001,(250.13469883246026+0j),53,WW
310,(3.0311768550661715+0j),11.4,(52.28231445608145+0j),6,(2.0248049685792653+0j),15.8,(19.9478613276622+0j),0,(8.084275771877879+0j),14.5,(181.1893196751398+0j),22,WW
311,(3.767326804636347+0j),10.100000000000001,(63.78833614438777+0j),7,(2.407485720510091+0j),10.8,(39.32253764680534+0j),4,(12.032768436116639+0j),10.200000000000001,(141.29341622658424+0j),37,WW
312,(4.2777164962612435+0j),10.8,(54.67262008413106+0j),9,(2.705695163462963+0j),11.200000000000001,(27.652064726579447+0j),5,(13.263352945657283+0j),11.3,(153.73564666334514+0j),42,WW
313,(4.739862484411651+0j),11.9,(70.14433752790463+0j),12,(2.7791423009381546+0j),12.0,(33.378637444438006+0j),1,(12.23486216333046+0j),13.5,(152.62390823563788+0j),34,WW
314,(3.085537227103322+0j),10.0,(51.89416089451587+0j),9,(1.8225924116789551+0j),11.5,(26.870391717389186+0j),1,(10.053612169901687+0j),11.200000000000001,(152.45913340128752+0j),31,WW
315,(4.725463939452585+0j),11.100000000000001,(60.60664161826263+0j),11,(2.5737658953411104+0j),10.100000000000001,(91.26619631481651+0j),4,(13.618629893083543+0j),10.9,(257.56972596947827+0j),36,WW
316,(3.700550951550109+0j),11.4,(59.3223509071483+0j),7,(2.15045402881571+0j),10.9,(36.43295607524876+0j),3,(8.91173010698783+0j),15.100000000000001,(88.5154830960519+0j),28,WW
317,(3.8402991405997873+0j),11.9,(60.599717978008734+0j),6,(2.0793509955196567+0j),13.100000000000001,(42.30521722919702+0j),2,(11.187832495834103+0j),10.8,(129.4885049197466+0j),33,WW
318,(7.704845982230036+0j),10.600000000000001,(74.51612596448372+0j),27,(3.3464465740680915+0j),10.3,(59.21081838094286+0j),6,(19.125642464646244+0j),12.600000000000001,(240.96367478391454+0j),50,WW
319,(7.870885316190401+0j),10.5,(86.93539305833005+0j),26,(4.030828618006721+0j),12.4,(35.95547032972219+0j),8,(17.905476376591324+0j),10.700000000000001,(294.0532385700178+0j),47,WW
320,(5.142933355120294+0j),13.8,(45.370727828588386+0j),15,(3.1549089926564755+0j),10.200000000000001,(55.55338238112571+0j),7,(12.610225866790843+0j),10.600000000000001,(143.5424623539139+0j),32,WW
321,(8.322104116345304+0j),13.4,(104.42410378611083+0j),24,(2.8605503703648005+0j),12.700000000000001,(28.17956683054124+0j),4,(19.832218858680523+0j),13.4,(180.75997422125704+0j),60,WW
322,(5.859556167220354+0j),13.8,(82.80534239924738+0j),14,(2.802344667289775+0j),10.0,(27.06001550661643+0j),5,(12.790837062421701+0j),13.8,(148.22049860420648+0j),32,WW
323,(6.349896654500665+0j),12.700000000000001,(113.4381548485472+0j),17,(3.2532026782940306+0j),11.700000000000001,(31.91954259460208+0j),7,(14.183376052051525+0j),10.5,(234.44530510419042+0j),37,WW
324,(3.148791779250288+0j),10.4,(36.802128004152245+0j),5,(3.0864645663639485+0j),12.8,(24.831708541642104+0j),3,(10.583607870624629+0j),10.4,(127.86400058717543+0j),32,WW
325,(2.8688185859507485+0j),10.200000000000001,(29.38239668255537+0j),4,(3.1003304356413475+0j),10.200000000000001,(35.82460042671408+0j),4,(7.453427524867738+0j),10.200000000000001,(96.1078991645515+0j),20,WW
326,(2.984633735290137+0j),10.4,(38.12385163405867+0j),3,(2.7984076614409905+0j),10.0,(33.90141718810846+0j),5,(8.544347179143974+0j),11.3,(98.40881550456932+0j),23,WW
327,(3.9582079186199266+0j),10.200000000000001,(51.73646692816104+0j),9,(2.8937362391482484+0j),10.4,(22.45086880535405+0j),4,(8.953022635656904+0j),11.9,(129.53396393486148+0j),25,WW
328,(2.6635741591801625+0j),10.100000000000001,(77.83819371612758+0j),3,(2.1945762106501565+0j),13.600000000000001,(37.29985462431907+0j),2,(7.198045715670725+0j),11.9,(161.89827244266624+0j),21,WW
329,(2.8584610341569694+0j),12.3,(31.045438058136067+0j),6,(2.6001578841615256+0j),13.200000000000001,(37.11920315046176+0j),4,(8.446227299738533+0j),11.600000000000001,(85.8867932214565+0j),28,WW
330,(3.615920804129601+0j),14.700000000000001,(40.86594089286878+0j),9,(3.3321293906559255+0j),13.4,(35.52045566776303+0j),5,(9.491820896677778+0j),12.0,(158.94397638869694+0j),24,WW
331,(4.432986002214978+0j),10.8,(52.59273489727045+0j),14,(2.6951924704938928+0j),10.5,(41.73876240708213+0j),2,(10.379486089951513+0j),10.9,(157.38136637307687+0j),27,WW
332,(5.544697156968618+0j),10.3,(59.75767336286807+0j),13,(3.460930406301358+0j),11.9,(37.97081796841549+0j),6,(10.612289582435311+0j),10.3,(94.81900358240117+0j),32,WW
333,(5.033104847137041+0j),11.200000000000001,(42.084980081224515+0j),13,(4.328974368036098+0j),11.5,(36.2355602901615+0j),10,(11.876639058616915+0j),14.100000000000001,(132.43731752587516+0j),34,WW
334,(3.4442052591411154+0j),10.5,(53.521564246133934+0j),9,(2.046910655192057+0j),10.5,(28.952638322730305+0j),2,(7.836814329239965+0j),11.3,(126.55286704184921+0j),23,WW
335,(2.8341239570474515+0j),12.3,(53.316802885907165+0j),5,(2.602959500326805+0j),15.0,(28.313870280053706+0j),2,(8.117134718163381+0j),10.700000000000001,(116.08840069894714+0j),23,WW
336,(4.445810272583913+0j),11.8,(63.25994296637322+0j),11,(3.2917618866329925+0j),10.5,(44.214051725716196+0j),6,(10.657854948969927+0j),10.100000000000001,(110.46032469630924+0j),33,WW
337,(3.5308214425601507+0j),10.4,(40.88072224032281+0j),8,(2.3621961771501994+0j),10.0,(27.259173752105493+0j),4,(7.762738788213002+0j),10.5,(169.30602832817388+0j),24,WW
338,(2.637632990523499+0j),10.700000000000001,(41.40568664589101+0j),3,(4.52982272290868+0j),12.8,(38.11269070003177+0j),10,(16.005130834256573+0j),12.0,(251.5749646526169+0j),32,WW
339,(2.283311750674419+0j),13.013013013013012,(30.463824508989642+0j),1,(3.3448762716148868+0j),13.813813813813812,(35.043502392191904+0j),6,(9.80720822592467+0j),13.013013013013012,(120.30101811968643+0j),29,WW
340,(3.130881817039059+0j),11.588411588411589,(44.062656165596096+0j),5,(6.099311879393905+0j),10.18981018981019,(74.04156339804199+0j),11,(16.259945628693426+0j),12.287712287712289,(246.5263731612639+0j),38,WW
341,(2.747398827354343+0j),10.700000000000001,(36.24519879448058+0j),5,(4.713174305013851+0j),11.5,(48.740059052161165+0j),7,(16.40935503688923+0j),13.0,(156.66111722028316+0j),41,WW
342,(2.363085076469849+0j),10.0,(49.13749558111613+0j),5,(4.003545067095073+0j),12.700000000000001,(66.2639519605922+0j),8,(13.023051081535032+0j),13.100000000000001,(115.58351538051767+0j),35,WW
343,(2.0935919840576034+0j),10.100000000000001,(33.49099357051744+0j),3,(4.123421523469762+0j),13.200000000000001,(42.64599490118809+0j),7,(13.800697586168356+0j),12.9,(181.06364496222596+0j),33,WW
344,(3.10790378163995+0j),10.5,(38.97282828521162+0j),3,(5.148901268717986+0j),10.100000000000001,(66.43125366554557+0j),12,(11.83157496729819+0j),10.100000000000001,(248.98424167790827+0j),25,WW
345,(2.864593231386781+0j),11.0,(37.80738595390599+0j),4,(4.997029905235186+0j),11.0,(52.88132078965115+0j),9,(12.826194726830943+0j),10.9,(106.00041855040867+0j),40,WW
346,(2.4057894179191806+0j),13.600000000000001,(25.637181427075515+0j),3,(3.3657353609284892+0j),12.5,(26.80909704974873+0j),4,(10.035364093639243+0j),12.3,(205.69000458471365+0j),25,WW
347,(2.0224737033960243+0j),14.8,(23.724433787394073+0j),2,(3.464162873959188+0j),16.900000000000002,(27.274411871861354+0j),4,(11.330849487863798+0j),12.8,(106.66572455601934+0j),34,WW
348,(1.726541777858659+0j),12.5,(19.901615522897167+0j),0,(4.494417912412406+0j),12.5,(53.25807009447844+0j),9,(10.645738486085923+0j),13.4,(112.45333065969875+0j),33,WW
349,(3.076787935126843+0j),12.600000000000001,(25.053343429593877+0j),2,(6.756946001075625+0j),10.0,(101.90218178819443+0j),16,(17.919249541393174+0j),10.8,(143.90258224811157+0j),52,WW
350,(2.497160203572105+0j),12.112112112112111,(29.15246815910914+0j),3,(3.8465167259677697+0j),11.411411411411411,(43.339071258051796+0j),7,(10.44324095679704+0j),12.812812812812812,(100.11541467602673+0j),33,WW
351,(2.5621590385343924+0j),12.9,(30.199625362010757+0j),4,(4.968317842007467+0j),14.9,(42.38368751927251+0j),9,(12.772868279575441+0j),13.0,(137.57439210624858+0j),39,WW
352,(1.5959086761113594+0j),11.688311688311689,(23.009389383580746+0j),3,(3.077370772344143+0j),11.688311688311689,(38.91270979397571+0j),5,(8.524732941686299+0j),13.186813186813188,(147.3453051060489+0j),22,WW
353,(2.8383786135373246+0j),11.3,(35.58054737789024+0j),4,(6.200599278354344+0j),10.0,(63.87586392971117+0j),19,(15.935982525590973+0j),12.0,(150.07811877298627+0j),40,WW
354,(1.7242358224039325+0j),10.600000000000001,(17.335688085829794+0j),0,(3.726044716154765+0j),11.200000000000001,(30.75156111123238+0j),5,(9.916028938399096+0j),13.100000000000001,(96.49212197481586+0j),24,WW
355,(1.6160184043246368+0j),11.600000000000001,(14.443844319964422+0j),0,(4.21847949516589+0j),15.4,(28.801582745333604+0j),6,(11.738753393303464+0j),10.600000000000001,(85.8859137966036+0j),18,WW
356,(3.317081613236711+0j),11.0,(18.698177788772053+0j),0,(6.530883078652202+0j),10.0,(68.5859985015793+0j),17,(4.515656329449827+0j),11.9,(60.4794782498467+0j),9,WW
357,(4.1863779382634485+0j),14.600000000000001,(28.154581574632044+0j),2,(8.372480204103054+0j),12.9,(108.37688114312981+0j),24,(6.058656985255422+0j),10.8,(71.21893286893491+0j),14,WW
358,(2.39309461227627+0j),11.711711711711711,(13.588525827052251+0j),0,(4.934734713562383+0j),11.11111111111111,(51.224291709831085+0j),10,(3.2602207438700397+0j),11.31131131131131,(51.88826921504836+0j),5,WW
359,(3.3513378314895896+0j),14.285714285714286,(31.180344204344863+0j),2,(9.85150359461913+0j),11.08891108891109,(164.26962813145542+0j),27,(5.850660705451987+0j),11.588411588411589,(136.6367113288975+0j),16,WW
360,(4.7471084425799805+0j),14.700000000000001,(71.33361048091459+0j),9,(9.53001506193707+0j),10.600000000000001,(121.06615444257925+0j),28,(6.24459186635609+0j),11.0,(84.04770890004251+0j),18,WW
361,(3.433680070041173+0j),10.3,(35.69199423225319+0j),4,(6.159874338061934+0j),12.100000000000001,(51.08239977519221+0j),23,(4.125969227906875+0j),10.4,(62.523287754181524+0j),10,WW
362,(4.485397680654052+0j),15.700000000000001,(31.64542970872605+0j),6,(8.76483026439324+0j),12.9,(90.36965066085855+0j),32,(5.76259400066202+0j),11.8,(80.26659032094959+0j),16,WW
363,(3.12696724762679+0j),10.01001001001001,(27.193921660712416+0j),3,(6.871353971800163+0j),11.31131131131131,(90.23443134271928+0j),23,(4.679133024997103+0j),10.41041041041041,(82.63567723977853+0j),11,WW
364,(1.74161374985455+0j),11.688311688311689,(22.250794153632015+0j),1,(4.244943558410914+0j),13.786213786213787,(49.81406447408262+0j),9,(2.9965455670067462+0j),10.68931068931069,(50.75586351991304+0j),6,WW
